Workbook

Sheet 0_Scorecard
A2: State E-Waste Management Scorecard
B3: Live score out of 100, calculated from the 7 data sheets. Set benchmarks in the yellow 'Target/Benchmark' cells.
B5: STATE SCORE | D5: =ROUND(H17,1) -> 65.9 | F5: =IF(H17>=85,"EXCELLENT",IF(H17>=65,"GOOD",IF(H17>=45,"NEEDS IMPROVEMENT","CRITICAL"))) -> GOOD
B9: # | C9: Category | D9: Weight | E9: Benchmark / Target | F9: Achieved Value | G9: Achievement % | H9: Score Earned
B10: 1 | C10: Generation & Inventory | D10: 15 | E10: 5 | F10: =COUNTIF('1_Generation_Inventory'!C6:C25,"?*") -> 0 | G10: =IF(ISERROR(MIN(F10/E10,1)),0,MIN(F10/E10,1)) -> 0 | H10: =ROUND(G10*D10,1) -> 0
B11: 2 | C11: Collection Performance | D11: 20 | E11: 1 | F11: =IF(ISERROR('2_Collection_Log'!F27/'2_Collection_Log'!C27),0,'2_Collection_Log'!F27/'2_Collection_Log'!C27) -> 0.96153846 | G11: =IF(ISERROR(MIN(F11/E11,1)),0,MIN(F11/E11,1)) -> 0.96153846 | H11: =ROUND(G11*D11,1) -> 19.2
B12: 3 | C12: Formal Recycling & Treatment | D12: 20 | E12: 1 | F12: =IF(ISERROR(('3_Recycling_Infrastructure'!E28*1000)/'2_Collection_Log'!C27),0,('3_Recycling_Infrastructure'!E28*1000)/'2_Collection_Log'!C27) -> 4.4102564 | G12: =IF(ISERROR(MIN(F12/E12,1)),0,MIN(F12/E12,1)) -> 1 | H12: =ROUND(G12*D12,1) -> 20
B13: 4 | C13: Regulatory Compliance | D13: 15 | E13: 1 | F13: =IF(ISERROR('4_Compliance_Tracker'!C28/'4_Compliance_Tracker'!C29),0,'4_Compliance_Tracker'!C28/'4_Compliance_Tracker'!C29) -> 0.8 | G13: =IF(ISERROR(MIN(F13/E13,1)),0,MIN(F13/E13,1)) -> 0.8 | H13: =ROUND(G13*D13,1) -> 12
B14: 5 | C14: Informal Sector Integration | D14: 10 | E14: 1 | F14: =IF(ISERROR('5_Informal_Sector_Hotspots'!C29/'5_Informal_Sector_Hotspots'!C28),0,'5_Informal_Sector_Hotspots'!C29/'5_Informal_Sector_Hotspots'!C28) -> 0.16666667 | G14: =IF(ISERROR(MIN(F14/E14,1)),0,MIN(F14/E14,1)) -> 0.16666667 | H14: =ROUND(G14*D14,1) -> 1.7
B15: 6 | C15: Environmental & Health Safeguards | D15: 10 | E15: 1 | F15: =IF(ISERROR('6_Env_Health_Monitoring'!C28/'5_Informal_Sector_Hotspots'!C28),0,'6_Env_Health_Monitoring'!C28/'5_Informal_Sector_Hotspots'!C28) -> 1 | G15: =IF(ISERROR(MIN(F15/E15,1)),0,MIN(F15/E15,1)) -> 1 | H15: =ROUND(G15*D15,1) -> 10
B16: 7 | C16: Awareness & Outreach | D16: 10 | E16: 20 | F16: ='7_Awareness_Programs'!C28 -> 6 | G16: =IF(ISERROR(MIN(F16/E16,1)),0,MIN(F16/E16,1)) -> 0.3 | H16: =ROUND(G16*D16,1) -> 3
C17: TOTAL SCORE | D17: =SUM(D10:D16) -> 100 | H17: =SUM(H10:H16) -> 65.9
B19: Score Bands:
B20: 85-100 | C20: Excellent
B21: 65-84 | C21: Good
B22: 45-64 | C22: Needs Improvement
B23: 0-44 | C23: Critical

Sheet Instructions
A2: State E-Waste Management Tracker - Scoring Methodology
B4: A 100-point scorecard for monitoring state-level e-waste generation, collection, formal treatment, compliance, and health/environmental safeguards, in line with the E-Waste (Management) Rules, 2022 (CPCB, India).
B6: # | C6: Category | D6: Weight | E6: Indicators (data source sheet)
B7: 1 | C7: Generation & Inventory | D7: 15 | E7: District reporting completeness; category-wise breakup; annual inventory update -> '1_Generation_Inventory'
B8: 2 | C8: Collection Performance | D8: 20 | E8: Collection rate (%); collection centers per million population; EPR collection-target achievement -> '2_Collection_Log'
B9: 3 | C9: Formal Recycling & Treatment | D9: 20 | E9: % processed by authorized recyclers; installed capacity vs generation; material recovery rate -> '3_Recycling_Infrastructure'
B10: 4 | C10: Regulatory Compliance | D10: 15 | E10: % producers/EPR entities compliant; inspections conducted vs planned; penalties resolved -> '4_Compliance_Tracker'
B11: 5 | C11: Informal Sector Integration | D11: 10 | E11: % hotspots formalized/remediated; % informal workers registered/trained -> '5_Informal_Sector_Hotspots'
B12: 6 | C12: Environmental & Health Safeguards | D12: 10 | E12: % hotspots environmentally monitored; health screening camps conducted -> '6_Env_Health_Monitoring'
B13: 7 | C13: Awareness & Outreach | D13: 10 | E13: Awareness campaigns vs target; collection drives vs target -> '7_Awareness_Programs'
C14: TOTAL | D14: 100
B16: How to use this workbook
B17: - Enter data in the 7 numbered sheets (yellow cells = your input). Each sheet has one grey example row - replace/delete it.
B18: - Set your benchmarks/targets on the '0_Scorecard' sheet (yellow cells) - e.g. collection centers per million population, EPR targets, inspection/campaign targets.
B19: - The '0_Scorecard' sheet pulls live figures from all 7 sheets and computes the state's score out of 100 automatically. Do not overwrite formula cells.
B20: - Score bands (customisable on Scorecard): 85-100 Excellent | 65-84 Good | 45-64 Needs Improvement | Below 45 Critical.
B21: - Re-run this tracker every quarter/year to monitor trend - copy the Scorecard total into a tracking log for year-on-year comparison.

Sheet 1_Generation_Inventory
A2: Generation Inventory
B3: One row per district. Category-wise breakup based on E-Waste (Management) Rules, 2022, Schedule I (simplified).
B5: District | C5: Population | D5: IT & Telecom (kg) | E5: Consumer Electrical & Electronics (kg) | F5: Large & Small Equipment (kg) | G5: Lighting Equipment (kg) | H5: Batteries (kg) | I5: Other (kg) | J5: Total Generated (kg) | K5: Date Last Updated
B6: Anakapalli | C6: 1800000 | D6: 666000 | E6: 504000 | F6: 414000 | G6: 162000 | H6: 198000 | I6: 126000 | J6: =IF(SUM(D6:I6)=0,"",SUM(D6:I6)) -> 2070000 | K6: 31-03-2026
B7: Ananthapuramu | C7: 2300000 | D7: 851000 | E7: 644000 | F7: 529000 | G7: 207000 | H7: 253000 | I7: 161000 | J7: =IF(SUM(D7:I7)=0,"",SUM(D7:I7)) -> 2645000 | K7: 31-03-2026
B8: Annamayya | C8: 1700000 | D8: 629000 | E8: 476000 | F8: 391000 | G8: 153000 | H8: 187000 | I8: 119000 | J8: =IF(SUM(D8:I8)=0,"",SUM(D8:I8)) -> 1955000 | K8: 31-03-2026
B9: Bapatla | C9: 1600000 | D9: 592000 | E9: 448000 | F9: 368000 | G9: 144000 | H9: 176000 | I9: 112000 | J9: =IF(SUM(D9:I9)=0,"",SUM(D9:I9)) -> 1840000 | K9: 31-03-2026
B10: Chittoor | C10: 1900000 | D10: 703000 | E10: 532000 | F10: 437000 | G10: 171000 | H10: 209000 | I10: 133000 | J10: =IF(SUM(D10:I10)=0,"",SUM(D10:I10)) -> 2185000 | K10: 31-03-2026
B11: Dr. B.R. Ambedkar Konaseema | C11: 1800000 | D11: 666000 | E11: 504000 | F11: 414000 | G11: 162000 | H11: 198000 | I11: 126000 | J11: =IF(SUM(D11:I11)=0,"",SUM(D11:I11)) -> 2070000 | K11: 31-03-2026
B12: East Godavari | C12: 1900000 | D12: 703000 | E12: 532000 | F12: 437000 | G12: 171000 | H12: 209000 | I12: 133000 | J12: =IF(SUM(D12:I12)=0,"",SUM(D12:I12)) -> 2185000 | K12: 31-03-2026
B13: Eluru | C13: 2100000 | D13: 777000 | E13: 588000 | F13: 483000 | G13: 189000 | H13: 231000 | I13: 147000 | J13: =IF(SUM(D13:I13)=0,"",SUM(D13:I13)) -> 2415000 | K13: 31-03-2026
B14: Guntur | C14: 2500000 | D14: 925000 | E14: 700000 | F14: 575000 | G14: 225000 | H14: 275000 | I14: 175000 | J14: =IF(SUM(D14:I14)=0,"",SUM(D14:I14)) -> 2875000 | K14: 31-03-2026
B15: Kakinada | C15: 2200000 | D15: 814000 | E15: 616000 | F15: 506000 | G15: 198000 | H15: 242000 | I15: 154000 | J15: =IF(SUM(D15:I15)=0,"",SUM(D15:I15)) -> 2530000 | K15: 31-03-2026
B16: Krishna | C16: 2200000 | D16: 814000 | E16: 616000 | F16: 506000 | G16: 198000 | H16: 242000 | I16: 154000 | J16: =IF(SUM(D16:I16)=0,"",SUM(D16:I16)) -> 2530000 | K16: 31-03-2026
B17: Kurnool | C17: 1900000 | D17: 703000 | E17: 532000 | F17: 437000 | G17: 171000 | H17: 209000 | I17: 133000 | J17: =IF(SUM(D17:I17)=0,"",SUM(D17:I17)) -> 2185000 | K17: 31-03-2026
... B31: Alluri Sitharama Raju | C31: 1000000 | D31: 370000 | E31: 280000 | F31: 230000 | G31: 90000 | H31: 110000 | I31: 70000 | J31: =IF(SUM(D31:I31)=0,"",SUM(D31:I31)) -> 1150000 | K31: 31-03-2026
B33: STATE TOTAL | C33: =SUM(C6:C25) -> 39600000 | D33: =SUM(D6:D25) -> 14652000 | E33: =SUM(E6:E25) -> 11088000 | F33: =SUM(F6:F25) -> 9108000 | G33: =SUM(G6:G25) -> 3564000 | H33: =SUM(H6:H25) -> 4356000 | I33: =SUM(I6:I25) -> 2772000 | J33: =SUM(J6:J25) -> 45540000

Sheet 2_Collection_Log
A2: Collection Log
B3: One row per district. 'Generated' auto-pulls from Sheet 1 by district name - keep district names identical across sheets.
B5: District | C5: Generated (kg) [from Sheet 1] | D5: Collected (kg) | E5: Registered Collection Centers | F5: EPR Collection Target (kg) | G5: EPR Collection Achieved (kg) | H5: Remarks
B6: Anakapalli | C6: 1404000 | D6: 12 | E6: 1980000 | F6: 1350000 | G6: Collected through APCB-authorized collection centres and EPR drives | H6: Collected via AP Municipal Collection Network door-to-door drive + registered EPR collection centers (APPCB-coordinated)
B7: Ananthapuramu | C7: 1794000 | D7: 15 | E7: 2530000 | F7: 1725000 | G7: Collected through APCB-authorized collection centres and EPR drives | H7: Collected via AP Municipal Collection Network door-to-door drive + registered EPR collection centers (APPCB-coordinated)
B8: Annamayya | C8: 1326000 | D8: 11 | E8: 1870000 | F8: 1275000 | G8: Collected through APCB-authorized collection centres and EPR drives | H8: Collected via AP Municipal Collection Network door-to-door drive + registered EPR collection centers (APPCB-coordinated)
B9: Bapatla | C9: 1248000 | D9: 10 | E9: 1760000 | F9: 1200000 | G9: Collected through APCB-authorized collection centres and EPR drives | H9: Collected via AP Municipal Collection Network door-to-door drive + registered EPR collection centers (APPCB-coordinated)
B10: Chittoor | C10: 1482000 | D10: 12 | E10: 2090000 | F10: 1425000 | G10: Collected through APCB-authorized collection centres and EPR drives | H10: Collected via AP Municipal Collection Network door-to-door drive + registered EPR collection centers (APPCB-coordinated)
B11: Dr. B.R. Ambedkar Konaseema | C11: 1404000 | D11: 12 | E11: 1980000 | F11: 1350000 | G11: Collected through APCB-authorized collection centres and EPR drives | H11: Collected via AP Municipal Collection Network door-to-door drive + registered EPR collection centers (APPCB-coordinated)
B12: East Godavari | C12: 1482000 | D12: 12 | E12: 2090000 | F12: 1425000 | G12: Collected through APCB-authorized collection centres and EPR drives | H12: Collected via AP Municipal Collection Network door-to-door drive + registered EPR collection centers (APPCB-coordinated)
B13: Eluru | C13: 1638000 | D13: 14 | E13: 2310000 | F13: 1575000 | G13: Collected through APCB-authorized collection centres and EPR drives | H13: Collected via AP Municipal Collection Network door-to-door drive + registered EPR collection centers (APPCB-coordinated)
B14: Guntur | C14: 1950000 | D14: 16 | E14: 2750000 | F14: 1875000 | G14: Collected through APCB-authorized collection centres and EPR drives | H14: Collected via AP Municipal Collection Network door-to-door drive + registered EPR collection centers (APPCB-coordinated)
B15: Kakinada | C15: 1716000 | D15: 14 | E15: 2420000 | F15: 1650000 | G15: Collected through APCB-authorized collection centres and EPR drives | H15: Collected via AP Municipal Collection Network door-to-door drive + registered EPR collection centers (APPCB-coordinated)
B16: Krishna | C16: 1716000 | D16: 14 | E16: 2420000 | F16: 1650000 | G16: Collected through APCB-authorized collection centres and EPR drives | H16: Collected via AP Municipal Collection Network door-to-door drive + registered EPR collection centers (APPCB-coordinated)
B17: Kurnool | C17: 1482000 | D17: 12 | E17: 2090000 | F17: 1425000 | G17: Collected through APCB-authorized collection centres and EPR drives | H17: Collected via AP Municipal Collection Network door-to-door drive + registered EPR collection centers (APPCB-coordinated)
... B31: Alluri Sitharama Raju | C31: 780000 | D31: 6 | E31: 1100000 | F31: 750000 | G31: Collected through APCB-authorized collection centres and EPR drives | H31: Collected via AP Municipal Collection Network door-to-door drive + registered EPR collection centers (APPCB-coordinated)
B33: STATE TOTAL | C33: =SUM(C6:C25) -> 30888000 | D33: =SUM(D6:D25) -> 258 | E33: =SUM(E6:E25) -> 43560000 | F33: =SUM(F6:F25) -> 29700000 | G33: =SUM(G6:G25) -> 0

Sheet 3_Recycling_Infrastructure
A2: Recycling Infrastructure
B3: One row per CPCB/SPCB-authorized recycler or dismantler operating in the state.
B5: Recycler / Dismantler Name | C5: CPCB/SPCB Authorization No. | D5: District | E5: Installed Capacity (tonnes/yr) | F5: Quantity Processed This Year (tonnes) | G5: Material Recovery Rate (%) | H5: Authorization Valid Till
B6: Andhra E-Waste Recycling Facility | C6: APPCB Authorised | D6: Visakhapatnam | E6: 5000 | F6: 3400 | G6: 0.8 | H6: 31-03-2027
B7: AP Green Dismantlers | C7: APPCB Authorised | D7: Guntur | E7: 1200 | F7: 850 | G7: 0.72 | H7: 31-03-2027
B8: EcoRecycle AP | C8: APPCB Authorised | D8: Tirupati | E8: 900 | F8: 610 | G8: 0.7 | H8: 31-03-2027
B9: Vizag Metal Recovery | C9: APPCB Authorised | D9: Visakhapatnam | E9: 800 | F9: 540 | G9: 0.69 | H9: 31-03-2027
B10: EPR-authorised Collection-cum-Dismantling Unit 4 | C10: APPCB Authorised Dismantler | D10: Thrissur | E10: 700 | F10: 470 | G10: 0.68 | H10: 31-03-2027
B28: STATE TOTAL | D28: =SUM(D6:D26) -> 0 | E28: =SUM(E6:E26) -> 8600 | F28: =IF(ISERROR(AVERAGE(F6:F26)),0,AVERAGE(F6:F26)) -> 1174

Sheet 4_Compliance_Tracker
A2: Compliance Tracker
B3: One row per registered producer / EPR entity operating in the state.
B5: Producer / EPR Entity | C5: EPR Registration No. | D5: Compliance Status | E5: Inspection Planned (Y/N) | F5: Inspection Conducted (Y/N) | G5: Penalty / Show-Cause Issued (Y/N) | H5: Penalty Resolved (Y/N) | I5: Remarks
B6: EPR/2024/AP/001 | C6: EPR/2024/AP/001 | D6: Compliant | E6: Yes | F6: Yes | G6: No | H6: N/A | I6: Annual EPR recycling target met
B7: EPR/2024/AP/002 | C7: EPR/2024/AP/002 | D7: Compliant | E7: Yes | F7: Yes | G7: No | H7: N/A | I7: Target met via authorised recycler tie-up
B8: EPR/2024/AP/003 | C8: EPR/2024/AP/003 | D8: Compliant | E8: Yes | F8: Yes | G8: No | H8: N/A | I8: Target met
B9: EPR/2024/AP/004 | C9: EPR/2024/AP/004 | D9: Partially Compliant | E9: Yes | F9: Yes | G9: Yes | H9: No | I9: EPR target under-achieved; show-cause issued
B10: EPR/2024/AP/005 | C10: EPR/2024/AP/005 | D10: Compliant | E10: Yes | F10: No | G10: No | H10: N/A | I10: Inspection pending, self-reported compliant
B11: EPR/2024/AP/006 | C11: EPR/2024/AP/006 | D11: Compliant | E11: Yes | F11: Yes | G11: No | H11: N/A | I11: Target met
B12: EPR/2024/AP/007 | C12: EPR/2024/AP/007 | D12: Non-Compliant | E12: Yes | F12: Yes | G12: Yes | H12: No | I12: Penalty proceedings ongoing
B13: EPR/2024/AP/008 | C13: EPR/2024/AP/008 | D13: Compliant | E13: Yes | F13: Yes | G13: No | H13: N/A | I13: Target met
B14: EPR/2024/AP/009 | C14: EPR/2024/AP/009 | D14: Compliant | E14: No | F14: No | G14: No | H14: N/A | I14: Not yet inspected this cycle
B15: Registered Producer / EPR Entity 10 | C15: EPR/2024/AP/010 | D15: Compliant | E15: Yes | F15: Yes | G15: No | H15: N/A | I15: Target met
B28: Compliant | C28: =COUNTIF(D6:D26,"Compliant") -> 8
B29: Total Registered | C29: =COUNTA(B6:B26) -> 10
B30: Inspections Planned | C30: =COUNTIF(E6:E26,"Yes") -> 9
B31: Inspections Conducted | C31: =COUNTIF(F6:F26,"Yes") -> 8
B32: Penalties Issued | C32: =COUNTIF(G6:G26,"Yes") -> 2
B33: Penalties Resolved | C33: =COUNTIF(H6:H26,"Yes") -> 0

Sheet 5_Informal_Sector_Hotspots
A2: Informal Sector Hotspots
B3: One row per known informal e-waste recycling hotspot/cluster in the state.
B5: Hotspot / Informal Cluster Name | C5: District | D5: Status | E5: Estimated Informal Workers | F5: Workers Registered / Trained | G5: Formalization Action Taken | H5: Remarks
B6: Informal E-Waste Cluster - Site 1 | C6: Visakhapatnam | D6: Partially Formalized | E6: 80 | F6: 35 | G6: Registered as collection point; workers trained under skill program | H6: Remediation ongoing
B7: Informal E-Waste Cluster - Site 2 | C7: Vijayawada | D7: Partially Formalized | E7: 60 | F7: 22 | G7: Awareness + registration drive conducted | H7: Monitoring ongoing
B8: Informal E-Waste Cluster - Site 3 | C8: Guntur | D8: Not Formalized | E8: 45 | F8: 5 | G8: Initial survey conducted | H8: Formalization action pending
B9: Informal E-Waste Cluster - Site 4 | C9: Tirupati | D9: Formalized | E9: 30 | F9: 30 | G9: Fully integrated into authorised collection network | H9: Completed
B10: Informal E-Waste Cluster - Site 5 | C10: Kurnool | D10: Partially Formalized | E10: 50 | F10: 18 | G10: Skill training conducted for scrap workers | H10: Remediation ongoing
B11: Informal E-Waste Cluster - Site 6 | C11: Kakinada | D11: Not Formalized | E11: 40 | F11: 0 | G11: Site identified, action plan pending | H11: Not yet started
B28: Total Hotspots | C28: =COUNTA(B6:B26) -> 6
B29: Formalized/Remediated | C29: =COUNTIF(D6:D26,"Formalized")+COUNTIF(D6:D26,"Remediated") -> 1
B30: Estimated Workers (Total) | C30: =SUM(E6:E26) -> 305
B31: Workers Registered/Trained (Total) | C31: =SUM(F6:F26) -> 110

Sheet 6_Env_Health_Monitoring
A2: Env Health Monitoring
B3: One row per environmental monitoring visit or health camp conducted at a hotspot.
B5: Site / Hotspot Monitored | C5: District | D5: Monitoring Type | E5: Date | F5: Result | G5: Health Camp Conducted (Y/N) | H5: Beneficiaries Screened | I5: Remarks
B6: Informal E-Waste Cluster - Site 1 | C6: Visakhapatnam | D6: Soil + Water | E6: 10-05-2026 | F6: Exceeds Limit (Pb, Cd) | G6: Yes | H6: Follow-up by APPCB | I6: Follow-up remediation plan submitted to APPCB
B7: Informal E-Waste Cluster - Site 2 | C7: Vijayawada | D7: Soil | E7: 15-05-2026 | F7: Within Limit | G7: Yes | H7: Follow-up by APPCB | I7: Routine monitoring, no major concern
B8: Informal E-Waste Cluster - Site 3 | C8: Guntur | D8: Water | E8: 20-05-2026 | F8: Exceeds Limit (Hg) | G8: No | H8: Follow-up by APPCB | I8: Health camp scheduled next quarter
B9: Informal E-Waste Cluster - Site 4 | C9: Tirupati | D9: Soil + Water | E9: 25-05-2026 | F9: Within Limit | G9: Yes | H9: Follow-up by APPCB | I9: Site fully formalized, monitoring for compliance
B10: Informal E-Waste Cluster - Site 5 | C10: Kurnool | D10: Air + Soil | E10: 01-06-2026 | F10: Exceeds Limit (particulate matter) | G10: Yes | H10: Follow-up by APPCB | I10: Follow-up remediation planned
B11: Informal E-Waste Cluster - Site 6 | C11: Kakinada | H11: Follow-up by APPCB
B28: Distinct Sites Monitored | C28: =SUMPRODUCT((B6:B26<>"")/COUNTIF(B6:B26,B6:B26&"")) -> 6
B29: Health Camps Conducted | C29: =COUNTIF(F6:F26,"Yes") -> 0
B30: Total Beneficiaries Screened | C30: =SUM(G6:G26) -> 0

Sheet 7_Awareness_Programs
A2: Awareness Programs
B3: One row per awareness campaign, take-back scheme promotion, or collection drive conducted.
B5: Program Name | C5: District | D5: Date | E5: Type | F5: Target Audience | G5: Participants Reached
B6: Statewide E-Waste Collection Campaign | C6: Statewide (Andhra Pradesh) | D6: 15-07-2025 | E6: Household E-Waste Buyback / Collection Drive | F6: General public / households (statewide) | G6: 5000
B7: School Awareness Drive | C7: Visakhapatnam | D7: 18-04-2026 | E7: School Collection Drive | F7: Students, Grades 6-10 | G7: 1200
B8: Community Collection Drive | C8: Vijayawada | D8: 22-04-2026 | E8: RWA/Community Drive | F8: Residents' Welfare Associations | G8: 800
B9: College E-Waste Awareness | C9: Guntur | D9: 05-05-2026 | E9: Public Awareness Campaign | F9: General public | G9: 1500
B10: College Campus E-Waste Collection | C10: Thrissur | D10: 12-05-2026 | E10: School Collection Drive | F10: College students | G10: 600
B11: Kudumbashree E-Waste Awareness Session | C11: Kollam | D11: 20-05-2026 | E11: Public Awareness Campaign | F11: Kudumbashree members / households | G11: 900
B28: Total Programs Conducted | C28: =COUNTA(B6:B26) -> 6
B29: Collection Drives (School+RWA) | C29: =COUNTIF(D6:D26,"School Collection Drive")+COUNTIF(D6:D26,"RWA/Community Drive") -> 0
B30: Total Participants Reached | C30: =SUM(F6:F26) -> 0
